modelName, participant, isFiltered, Accuracy, correct, wrong, False paced, False slowBreath, False stressor, False baseline, SD paced, SD slowBreath, SD stressor, SD baseline, Predictions, Unique Predictions, Paced Samples, slowBreath Samples, Stressor Samples, Baseline Samples
models-eegLib/Deep,OpenBCISession_2020-02-06_11-26-48-TWO-2000ep-2000ep-2000ep.h5,False,0.36936936936936937,82,140,0,140,0,0,0.0016335282,0.078318164,0.0071592033,0.077918865,222,217,50174,50139,45091,15088
models-eegLib/Deep,OpenBCISession_2020-02-06_12-08-05-THREE-2000ep-2000ep-2000ep.h5,False,0.18385650224215247,41,182,182,0,0,0,0.0,0.0,0.0,0.0,223,1,50141,50139,45149,15030
models-eegLib/Deep,OpenBCISession_2020-02-07_10-42-36-FOUR.2-2000ep-2000ep-2000ep.h5,False,0.18385650224215247,41,182,181,0,1,0,0.05074705,0.0,0.05074705,0.0,223,80,50150,50117,45147,15062
models-eegLib/Deep,OpenBCISession_2020-02-07_11-12-39-FIVE-2000ep-2000ep-2000ep.h5,False,0.28699551569506726,64,159,6,28,125,0,0.17436957,0.35858613,0.38583443,0.0,223,217,50111,50115,45035,15030
models-eegLib/Deep,OpenBCISession_2020-02-07_12-09-54-SIX-2000ep-2000ep-2000ep.h5,False,0.3333333333333333,74,148,0,0,148,0,0.0,0.0,0.0,0.0,222,1,50138,50031,45084,15040
models-eegLib/Deep,OpenBCISession_2020-02-10_10-55-19=ONE.2-2000ep-2000ep-2000ep.h5,False,0.18468468468468469,41,181,176,0,0,5,0.16216226,0.0,0.0,0.16216226,222,2,50160,50140,45098,15030
models-eegLib/Deep,OpenBCISession_2020-02-14_11-09-00-SEVEN-2000ep-2000ep-2000ep.h5,False,0.17488789237668162,39,184,162,21,0,1,0.3037461,0.29780284,0.0,0.066814624,223,170,50086,50114,45048,15027
models-eegLib/Deep,OpenBCISession_2020-02-14_11-43-46-EIGHT-2000ep-2000ep-2000ep.h5,False,0.11160714285714286,25,199,0,0,0,199,0.0,0.0,0.0,0.0,224,1,50140,50150,45208,15030
models-eegLib/Deep,OpenBCISession_2020-02-23_16-49-310-VIR-2000ep-2000ep-2000ep.h5,False,0.12556053811659193,28,195,0,1,0,194,0.06681458,0.094272904,0.0668145,0.13272001,223,8,50077,50143,45042,15031
models-eegLib/Deep,OpenBCISession_2020-02-23_18-14-52-ISH-2000ep-2000ep-2000ep.h5,False,0.36160714285714285,81,143,7,136,0,0,0.18557693,0.18557692,0.0,0.0,224,2,50149,50129,45137,15029
models-eegLib/Deep,OpenBCISession_2020-02-29_17-19-28-ELI-2000ep-2000ep-2000ep.h5,False,0.336322869955157,75,148,0,0,148,0,0.0029675325,0.009545143,0.04872259,0.036228903,223,219,50091,50144,45121,15031
models-eegLib/Deep,OpenBCISession_2020-02-29_17-51-57-BAHAR-2000ep-2000ep-2000ep.h5,False,0.36486486486486486,81,141,0,136,0,5,0.0,0.16216229,0.0,0.16216229,222,2,50125,50154,45095,15030
models-eegLib/Deep,OpenBCISession_2020-03-06_10-28-17-LUKE-2000ep-2000ep-2000ep.h5,False,0.32882882882882886,73,149,5,0,144,0,0.16216229,0.0,0.16216229,0.0,222,2,50024,50136,45087,15030
models-eegLib/Shallow,OpenBCISession_2020-02-06_11-26-48-TWO-2000ep-2000ep.h5,False,0.3333333333333333,74,148,0,0,148,0,0.0007520658,0.028301533,0.058239877,0.057099346,222,222,50174,50139,45091,15088
models-eegLib/Shallow,OpenBCISession_2020-02-06_12-08-05-THREE-2000ep-2000ep.h5,False,0.18385650224215247,41,182,182,0,0,0,3.664161e-05,9.507942e-15,3.663847e-05,4.8521245e-16,223,170,50141,50139,45149,15030
models-eegLib/Shallow,OpenBCISession_2020-02-07_10-42-36-FOUR.2-2000ep-2000ep.h5,False,0.18385650224215247,41,182,182,0,0,0,1.204107e-06,2.8197375e-10,4.296088e-07,3.0471744e-18,223,222,50150,50117,45147,15062
models-eegLib/Shallow,OpenBCISession_2020-02-07_11-12-39-FIVE-2000ep-2000ep.h5,False,0.36771300448430494,82,141,0,141,0,0,2.701213e-05,4.4661145e-05,6.583225e-14,2.1088179e-05,223,215,50111,50115,45035,15030
models-eegLib/Shallow,OpenBCISession_2020-02-07_12-09-54-SIX-2000ep-2000ep.h5,False,0.32882882882882886,73,149,36,108,0,5,0.048383705,0.06242713,0.045822173,0.042975858,222,101,50138,50031,45084,15040
models-eegLib/Shallow,OpenBCISession_2020-02-10_10-55-19=ONE.2-2000ep-2000ep.h5,False,0.18468468468468469,41,181,181,0,0,0,0.00013593337,5.7543916e-06,9.5757405e-06,0.00013096047,222,192,50160,50140,45098,15030
models-eegLib/Shallow,OpenBCISession_2020-02-14_11-09-00-SEVEN-2000ep-2000ep.h5,False,0.36771300448430494,82,141,0,141,0,0,8.080334e-09,0.008044967,1.5427315e-05,0.00804329,223,91,50086,50114,45048,15027
models-eegLib/Shallow,OpenBCISession_2020-02-14_11-43-46-EIGHT-2000ep-2000ep.h5,False,0.18303571428571427,41,183,183,0,0,0,1.5559104e-06,2.638649e-13,0.0,3.7221564e-08,224,5,50140,50150,45208,15030
models-eegLib/Shallow,OpenBCISession_2020-02-23_16-49-310-VIR-2000ep-2000ep.h5,False,0.36771300448430494,82,141,0,141,0,0,3.4857795e-21,0.0,6.6325123e-10,1.7512475e-20,223,155,50077,50143,45042,15031
models-eegLib/Shallow,OpenBCISession_2020-02-23_18-14-52-ISH-2000ep-2000ep.h5,False,0.3392857142857143,76,148,0,0,148,0,0.0030653789,1.5740295e-12,0.003065383,1.8762497e-08,224,218,50149,50129,45137,15029
models-eegLib/Shallow,OpenBCISession_2020-02-29_17-19-28-ELI-2000ep-2000ep.h5,False,0.336322869955157,75,148,0,0,148,0,0.0044625984,0.005447169,0.030601166,0.020947477,223,223,50091,50144,45121,15031
models-eegLib/Shallow,OpenBCISession_2020-02-29_17-51-57-BAHAR-2000ep-2000ep.h5,False,0.18468468468468469,41,181,180,0,0,1,0.09340247,3.4727382e-14,1.084682e-06,0.09340303,222,110,50125,50154,45095,15030
models-eegLib/Shallow,OpenBCISession_2020-03-06_10-28-17-LUKE-2000ep-2000ep.h5,False,0.36936936936936937,82,140,0,140,0,0,1.1868736e-06,1.2508663e-06,6.4888494e-16,2.6165688e-08,222,221,50024,50136,45087,15030
models-eegLib/EEGNet,OpenBCISession_2020-02-06_11-26-48-TWO-2000ep.h5,False,0.3333333333333333,74,148,0,0,148,0,0.0242485,0.027502786,0.09204312,0.040296324,222,217,50174,50139,45091,15088
models-eegLib/EEGNet,OpenBCISession_2020-02-06_12-08-05-THREE-2000ep.h5,False,0.336322869955157,75,148,0,0,148,0,0.0,0.0,0.0,0.0,223,1,50141,50139,45149,15030
models-eegLib/EEGNet,OpenBCISession_2020-02-07_10-42-36-FOUR.2-2000ep.h5,False,0.30493273542600896,68,155,139,0,16,0,0.37927768,0.0,0.37927774,0.0,223,131,50150,50117,45147,15062
models-eegLib/EEGNet,OpenBCISession_2020-02-07_11-12-39-FIVE-2000ep.h5,False,0.1210762331838565,27,196,3,1,1,191,0.123039134,0.06681455,0.11724372,0.18597709,223,25,50111,50115,45035,15030
models-eegLib/EEGNet,OpenBCISession_2020-02-07_12-09-54-SIX-2000ep.h5,False,0.34234234234234234,76,146,0,1,144,1,0.0,0.10677192,0.14837508,0.08049339,222,7,50138,50031,45084,15040
models-eegLib/EEGNet,OpenBCISession_2020-02-10_10-55-19=ONE.2-2000ep.h5,False,0.32882882882882886,73,149,0,0,147,2,0.0,0.0,0.11545956,0.11545956,222,7,50160,50140,45098,15030
models-eegLib/EEGNet,OpenBCISession_2020-02-14_11-09-00-SEVEN-2000ep.h5,False,0.3273542600896861,73,150,6,0,144,0,0.17436957,0.0,0.17436957,0.0,223,8,50086,50114,45048,15027
models-eegLib/EEGNet,OpenBCISession_2020-02-14_11-43-46-EIGHT-2000ep.h5,False,0.33035714285714285,74,150,0,6,144,0,0.0,0.18557693,0.18557692,0.0,224,2,50140,50150,45208,15030
models-eegLib/EEGNet,OpenBCISession_2020-02-23_16-49-310-VIR-2000ep.h5,False,0.18385650224215247,41,182,176,0,0,6,0.17436957,0.0,0.0,0.17436957,223,2,50077,50143,45042,15031
models-eegLib/EEGNet,OpenBCISession_2020-02-23_18-14-52-ISH-2000ep.h5,False,0.3392857142857143,76,148,0,0,148,0,0.0,0.0,0.0,0.0,224,1,50149,50129,45137,15029
models-eegLib/EEGNet,OpenBCISession_2020-02-29_17-19-28-ELI-2000ep.h5,False,0.33183856502242154,74,149,0,0,148,1,0.030762967,0.018530978,0.10809066,0.06754085,223,223,50091,50144,45121,15031
models-eegLib/EEGNet,OpenBCISession_2020-02-29_17-51-57-BAHAR-2000ep.h5,False,0.17117117117117117,38,184,0,54,4,126,0.0,0.45955217,0.16216229,0.46382487,222,193,50125,50154,45095,15030
models-eegLib/EEGNet,OpenBCISession_2020-03-06_10-28-17-LUKE-2000ep.h5,False,0.18468468468468469,41,181,181,0,0,0,0.0,0.0,0.0,0.0,222,54,50024,50136,45087,15030
models-eegLib/Deep,OpenBCISession_2020-02-06_11-26-48-TWO-2000ep-2000ep-2000ep.h5,True,0.1891891891891892,42,180,174,3,3,0,0.04659491,0.09480826,0.115459405,0.046594925,222,7,50174,50139,45091,15088
models-eegLib/Deep,OpenBCISession_2020-02-06_12-08-05-THREE-2000ep-2000ep-2000ep.h5,True,0.2062780269058296,46,177,172,0,5,0,0.18073371,0.014573408,0.16265516,0.0664537,223,217,50141,50139,45149,15030
models-eegLib/Deep,OpenBCISession_2020-02-07_10-42-36-FOUR.2-2000ep-2000ep-2000ep.h5,True,0.3632286995515695,81,142,2,140,0,0,0.08896773,0.10889986,0.015600979,0.038569693,223,217,50150,50117,45147,15062
models-eegLib/Deep,OpenBCISession_2020-02-07_11-12-39-FIVE-2000ep-2000ep-2000ep.h5,True,0.2825112107623318,63,160,27,1,106,26,0.18031487,0.03845972,0.21600515,0.18777025,223,219,50111,50115,45035,15030
models-eegLib/Deep,OpenBCISession_2020-02-07_12-09-54-SIX-2000ep-2000ep-2000ep.h5,True,0.25225225225225223,56,166,75,41,42,8,0.2683162,0.2505633,0.20796983,0.09503145,222,217,50138,50031,45084,15040
models-eegLib/Deep,OpenBCISession_2020-02-10_10-55-19=ONE.2-2000ep-2000ep-2000ep.h5,True,0.22522522522522523,50,172,55,14,70,33,0.18676928,0.11757124,0.19934647,0.14397034,222,222,50160,50140,45098,15030
models-eegLib/Deep,OpenBCISession_2020-02-14_11-09-00-SEVEN-2000ep-2000ep-2000ep.h5,True,0.10762331838565023,24,199,37,4,0,158,0.23021775,0.12120635,0.00913648,0.25438264,223,217,50086,50114,45048,15027
models-eegLib/Deep,OpenBCISession_2020-02-14_11-43-46-EIGHT-2000ep-2000ep-2000ep.h5,True,0.33482142857142855,75,149,8,121,0,20,0.16355027,0.3203862,0.036692824,0.2887859,224,214,50140,50150,45208,15030
models-eegLib/Deep,OpenBCISession_2020-02-23_16-49-310-VIR-2000ep-2000ep-2000ep.h5,True,0.14349775784753363,32,191,53,5,1,132,0.247677,0.09003873,0.067536175,0.2674692,223,217,50077,50143,45042,15031
models-eegLib/Deep,OpenBCISession_2020-02-23_18-14-52-ISH-2000ep-2000ep-2000ep.h5,True,0.11160714285714286,25,199,0,0,0,199,0.0037013607,0.01673637,0.0070440476,0.019408887,224,217,50149,50129,45137,15029
models-eegLib/Deep,OpenBCISession_2020-02-29_17-19-28-ELI-2000ep-2000ep-2000ep.h5,True,0.19282511210762332,43,180,176,0,4,0,0.04359241,0.04359241,0.13077727,0.04359241,223,2,50091,50144,45121,15031
models-eegLib/Deep,OpenBCISession_2020-02-29_17-51-57-BAHAR-2000ep-2000ep-2000ep.h5,True,0.18468468468468469,41,181,167,8,0,6,0.20937118,0.14494352,0.038257506,0.12700792,222,218,50125,50154,45095,15030
models-eegLib/Deep,OpenBCISession_2020-03-06_10-28-17-LUKE-2000ep-2000ep-2000ep.h5,True,0.25675675675675674,57,165,0,3,97,65,0.04662641,0.07800912,0.23490638,0.22464933,222,217,50024,50136,45087,15030
models-eegLib/Shallow,OpenBCISession_2020-02-06_11-26-48-TWO-2000ep-2000ep.h5,True,0.12162162162162163,27,195,3,2,0,190,0.13844897,0.054467086,0.08309663,0.1772059,222,7,50174,50139,45091,15088
models-eegLib/Shallow,OpenBCISession_2020-02-06_12-08-05-THREE-2000ep-2000ep.h5,True,0.336322869955157,75,148,0,0,148,0,0.00013927305,9.908077e-06,0.00014918663,3.31269e-06,223,223,50141,50139,45149,15030
models-eegLib/Shallow,OpenBCISession_2020-02-07_10-42-36-FOUR.2-2000ep-2000ep.h5,True,0.36771300448430494,82,141,0,141,0,0,6.104358e-09,3.7445157e-06,3.326814e-06,3.9371747e-07,223,223,50150,50117,45147,15062
models-eegLib/Shallow,OpenBCISession_2020-02-07_11-12-39-FIVE-2000ep-2000ep.h5,True,0.14349775784753363,32,191,29,0,1,161,0.20783843,0.033159234,0.043832526,0.23096164,223,220,50111,50115,45035,15030
models-eegLib/Shallow,OpenBCISession_2020-02-07_12-09-54-SIX-2000ep-2000ep.h5,True,0.3063063063063063,68,154,5,96,0,53,0.11974351,0.24637736,0.040771972,0.24645537,222,222,50138,50031,45084,15040
models-eegLib/Shallow,OpenBCISession_2020-02-10_10-55-19=ONE.2-2000ep-2000ep.h5,True,0.38288288288288286,85,137,0,9,128,0,0.02104277,0.17204715,0.18433411,0.0075040213,222,222,50160,50140,45098,15030
models-eegLib/Shallow,OpenBCISession_2020-02-14_11-09-00-SEVEN-2000ep-2000ep.h5,True,0.29596412556053814,66,157,0,13,144,0,0.020627523,0.17550518,0.17937735,0.0002220138,223,219,50086,50114,45048,15027
models-eegLib/Shallow,OpenBCISession_2020-02-14_11-43-46-EIGHT-2000ep-2000ep.h5,True,0.17857142857142858,40,184,181,0,1,2,0.11545649,0.010269734,0.060426235,0.07350546,224,224,50140,50150,45208,15030
models-eegLib/Shallow,OpenBCISession_2020-02-23_16-49-310-VIR-2000ep-2000ep.h5,True,0.30493273542600896,68,155,2,91,6,56,0.06012815,0.32357448,0.15454602,0.27806962,223,223,50077,50143,45042,15031
models-eegLib/Shallow,OpenBCISession_2020-02-23_18-14-52-ISH-2000ep-2000ep.h5,True,0.11160714285714286,25,199,0,0,0,199,8.985731e-06,0.013565633,0.091142416,0.100193106,224,221,50149,50129,45137,15029
models-eegLib/Shallow,OpenBCISession_2020-02-29_17-19-28-ELI-2000ep-2000ep.h5,True,0.3632286995515695,81,142,0,136,0,6,0.00044085717,0.17391175,2.9169882e-05,0.17433189,223,8,50091,50144,45121,15031
models-eegLib/Shallow,OpenBCISession_2020-02-29_17-51-57-BAHAR-2000ep-2000ep.h5,True,0.27927927927927926,62,160,40,72,39,9,0.25372654,0.29715243,0.22830209,0.1278229,222,222,50125,50154,45095,15030
models-eegLib/Shallow,OpenBCISession_2020-03-06_10-28-17-LUKE-2000ep-2000ep.h5,True,0.15765765765765766,35,187,19,8,13,147,0.13759352,0.122403964,0.14354233,0.23785187,222,222,50024,50136,45087,15030
models-eegLib/EEGNet,OpenBCISession_2020-02-06_11-26-48-TWO-2000ep.h5,True,0.18468468468468469,41,181,181,0,0,0,0.13972084,0.046594925,0.04653115,0.046594787,222,3,50174,50139,45091,15088
models-eegLib/EEGNet,OpenBCISession_2020-02-06_12-08-05-THREE-2000ep.h5,True,0.273542600896861,61,162,6,69,0,87,0.09837187,0.16913132,0.047189634,0.19550331,223,218,50141,50139,45149,15030
models-eegLib/EEGNet,OpenBCISession_2020-02-07_10-42-36-FOUR.2-2000ep.h5,True,0.13004484304932734,29,194,3,12,4,175,0.06379962,0.086834475,0.08009904,0.16051345,223,217,50150,50117,45147,15062
models-eegLib/EEGNet,OpenBCISession_2020-02-07_11-12-39-FIVE-2000ep.h5,True,0.23318385650224216,52,171,23,0,84,64,0.0984757,0.057148848,0.17555419,0.12021039,223,217,50111,50115,45035,15030
models-eegLib/EEGNet,OpenBCISession_2020-02-07_12-09-54-SIX-2000ep.h5,True,0.2702702702702703,60,162,22,29,73,38,0.1444457,0.1499409,0.23034127,0.1684454,222,217,50138,50031,45084,15040
models-eegLib/EEGNet,OpenBCISession_2020-02-10_10-55-19=ONE.2-2000ep.h5,True,0.12612612612612611,28,194,18,6,0,170,0.109916784,0.07651373,0.040588535,0.14381222,222,217,50160,50140,45098,15030
models-eegLib/EEGNet,OpenBCISession_2020-02-14_11-09-00-SEVEN-2000ep.h5,True,0.11210762331838565,25,198,0,2,0,196,0.03290479,0.089467876,0.032705642,0.124640085,223,217,50086,50114,45048,15027
models-eegLib/EEGNet,OpenBCISession_2020-02-14_11-43-46-EIGHT-2000ep.h5,True,0.3080357142857143,69,155,54,58,22,21,0.1802506,0.2407146,0.14223437,0.21395141,224,215,50140,50150,45208,15030
models-eegLib/EEGNet,OpenBCISession_2020-02-23_16-49-310-VIR-2000ep.h5,True,0.23318385650224216,52,171,8,37,65,61,0.08692348,0.120775215,0.13207315,0.16425645,223,217,50077,50143,45042,15031
models-eegLib/EEGNet,OpenBCISession_2020-02-23_18-14-52-ISH-2000ep.h5,True,0.11607142857142858,26,198,108,0,0,90,0.121639185,0.022568779,0.055333212,0.13935128,224,221,50149,50129,45137,15029
models-eegLib/EEGNet,OpenBCISession_2020-02-29_17-19-28-ELI-2000ep.h5,True,0.18834080717488788,42,181,175,0,0,6,0.04649427,0.04649427,0.06681454,0.13203984,223,5,50091,50144,45121,15031
models-eegLib/EEGNet,OpenBCISession_2020-02-29_17-51-57-BAHAR-2000ep.h5,True,0.24774774774774774,55,167,68,20,34,45,0.15781029,0.14146523,0.17562532,0.19090971,222,222,50125,50154,45095,15030
models-eegLib/EEGNet,OpenBCISession_2020-03-06_10-28-17-LUKE-2000ep.h5,True,0.22972972972972974,51,171,40,57,48,26,0.15456517,0.10607651,0.10743214,0.09588706,222,222,50024,50136,45087,15030
models-eegLib-pure/Deep,OpenBCISession_2020-02-06_11-26-48-TWO-2000ep-2000ep-2000ep.h5,True,0.20270270270270271,45,177,177,0,0,0,0.10546251,0.046566688,0.09824164,0.042397913,222,5,50174,50139,45091,15088
models-eegLib-pure/Deep,OpenBCISession_2020-02-06_12-08-05-THREE-2000ep-2000ep-2000ep.h5,True,0.29596412556053814,66,157,0,12,65,80,0.032927085,0.16147737,0.28565496,0.2814727,223,223,50141,50139,45149,15030
models-eegLib-pure/Deep,OpenBCISession_2020-02-07_10-42-36-FOUR.2-2000ep-2000ep-2000ep.h5,True,0.26905829596412556,60,163,44,0,65,54,0.22636004,0.0007306298,0.26917508,0.2548764,223,218,50150,50117,45147,15062
models-eegLib-pure/Deep,OpenBCISession_2020-02-07_11-12-39-FIVE-2000ep-2000ep-2000ep.h5,True,0.30493273542600896,68,155,3,25,113,14,0.080202125,0.1491183,0.20148402,0.11558996,223,217,50111,50115,45035,15030
models-eegLib-pure/Deep,OpenBCISession_2020-02-07_12-09-54-SIX-2000ep-2000ep-2000ep.h5,True,0.34234234234234234,76,146,2,129,2,13,0.05591837,0.19881405,0.094652735,0.1754615,222,219,50138,50031,45084,15040
models-eegLib-pure/Deep,OpenBCISession_2020-02-10_10-55-19=ONE.2-2000ep-2000ep-2000ep.h5,True,0.20270270270270271,45,177,162,7,7,1,0.20507304,0.109622575,0.14991531,0.05643484,222,220,50160,50140,45098,15030
models-eegLib-pure/Deep,OpenBCISession_2020-02-14_11-09-00-SEVEN-2000ep-2000ep-2000ep.h5,True,0.18834080717488788,42,181,181,0,0,0,0.072142124,0.03127093,0.0601715,0.0007832891,223,217,50086,50114,45048,15027
models-eegLib-pure/Deep,OpenBCISession_2020-02-14_11-43-46-EIGHT-2000ep-2000ep-2000ep.h5,True,0.3125,70,154,5,11,128,10,0.12707767,0.20615597,0.28441387,0.18305247,224,215,50140,50150,45208,15030
models-eegLib-pure/Deep,OpenBCISession_2020-02-23_16-49-310-VIR-2000ep-2000ep-2000ep.h5,True,0.34977578475336324,78,145,17,94,3,31,0.19201626,0.3035619,0.1181304,0.21796507,223,217,50077,50143,45042,15031
models-eegLib-pure/Deep,OpenBCISession_2020-02-23_18-14-52-ISH-2000ep-2000ep-2000ep.h5,True,0.19196428571428573,43,181,165,14,1,1,0.22294039,0.20652698,0.051102445,0.07724652,224,220,50149,50129,45137,15029
models-eegLib-pure/Deep,OpenBCISession_2020-02-29_17-19-28-ELI-2000ep-2000ep-2000ep.h5,True,0.18385650224215247,41,182,176,0,0,6,0.04359241,0.04359241,0.04359241,0.13077727,223,3,50091,50144,45121,15031
models-eegLib-pure/Deep,OpenBCISession_2020-02-29_17-51-57-BAHAR-2000ep-2000ep-2000ep.h5,True,0.1891891891891892,42,180,72,0,31,77,0.22641349,0.029214446,0.18432328,0.24684536,222,217,50125,50154,45095,15030
models-eegLib-pure/Deep,OpenBCISession_2020-03-06_10-28-17-LUKE-2000ep-2000ep-2000ep.h5,True,0.25675675675675674,57,165,39,14,64,48,0.1695565,0.1288311,0.21069053,0.16333501,222,217,50024,50136,45087,15030
models-eegLib-pure/Shallow,OpenBCISession_2020-02-06_11-26-48-TWO-2000ep-2000ep.h5,True,0.1891891891891892,42,180,174,0,4,2,0.1489336,5.6025296e-10,0.16216226,0.07084209,222,8,50174,50139,45091,15088
models-eegLib-pure/Shallow,OpenBCISession_2020-02-06_12-08-05-THREE-2000ep-2000ep.h5,True,0.11210762331838565,25,198,6,0,0,192,0.11218087,0.00059921044,0.00014501445,0.112308145,223,223,50141,50139,45149,15030
models-eegLib-pure/Shallow,OpenBCISession_2020-02-07_10-42-36-FOUR.2-2000ep-2000ep.h5,True,0.33183856502242154,74,149,1,0,148,0,0.06681443,5.437011e-07,0.06773182,0.0018097053,223,223,50150,50117,45147,15062
models-eegLib-pure/Shallow,OpenBCISession_2020-02-07_11-12-39-FIVE-2000ep-2000ep.h5,True,0.3632286995515695,81,142,22,120,0,0,0.1825403,0.18992786,0.019435933,0.032410204,223,220,50111,50115,45035,15030
models-eegLib-pure/Shallow,OpenBCISession_2020-02-07_12-09-54-SIX-2000ep-2000ep.h5,True,0.32882882882882886,73,149,0,2,137,10,0.06340491,0.11726105,0.2121325,0.15439083,222,222,50138,50031,45084,15040
models-eegLib-pure/Shallow,OpenBCISession_2020-02-10_10-55-19=ONE.2-2000ep-2000ep.h5,True,0.30180180180180183,67,155,0,102,1,52,0.012738607,0.19749127,0.0774235,0.17468138,222,222,50160,50140,45098,15030
models-eegLib-pure/Shallow,OpenBCISession_2020-02-14_11-09-00-SEVEN-2000ep-2000ep.h5,True,0.36771300448430494,82,141,0,141,0,0,8.2359755e-09,0.0029805144,1.7777767e-06,0.0029802087,223,223,50086,50114,45048,15027
models-eegLib-pure/Shallow,OpenBCISession_2020-02-14_11-43-46-EIGHT-2000ep-2000ep.h5,True,0.19196428571428573,43,181,1,0,72,108,0.06261943,0.044418085,0.34661734,0.33565554,224,224,50140,50150,45208,15030
models-eegLib-pure/Shallow,OpenBCISession_2020-02-23_16-49-310-VIR-2000ep-2000ep.h5,True,0.3273542600896861,73,150,25,101,17,7,0.21371756,0.30361503,0.17768632,0.10443018,223,223,50077,50143,45042,15031
models-eegLib-pure/Shallow,OpenBCISession_2020-02-23_18-14-52-ISH-2000ep-2000ep.h5,True,0.32142857142857145,72,152,1,0,138,13,0.042710073,0.06179474,0.14570063,0.12002025,224,223,50149,50129,45137,15029
models-eegLib-pure/Shallow,OpenBCISession_2020-02-29_17-19-28-ELI-2000ep-2000ep.h5,True,0.11659192825112108,26,197,4,1,0,192,0.1400906,0.07629016,2.2742197e-10,0.17436963,223,8,50091,50144,45121,15031
models-eegLib-pure/Shallow,OpenBCISession_2020-02-29_17-51-57-BAHAR-2000ep-2000ep.h5,True,0.3108108108108108,69,153,7,0,146,0,0.12811267,0.017122166,0.16183749,0.059702292,222,222,50125,50154,45095,15030
models-eegLib-pure/Shallow,OpenBCISession_2020-03-06_10-28-17-LUKE-2000ep-2000ep.h5,True,0.2972972972972973,66,156,13,5,101,37,0.13074736,0.10613645,0.20706533,0.16877899,222,222,50024,50136,45087,15030
models-eegLib-pure/EEGNet,OpenBCISession_2020-02-06_11-26-48-TWO-2000ep.h5,True,0.18468468468468469,41,181,177,0,0,4,0.10570587,0.046594925,0.046594925,0.10564954,222,8,50174,50139,45091,15088
models-eegLib-pure/EEGNet,OpenBCISession_2020-02-06_12-08-05-THREE-2000ep.h5,True,0.2556053811659193,57,166,20,14,86,46,0.08555885,0.112759754,0.13438162,0.15942541,223,223,50141,50139,45149,15030
models-eegLib-pure/EEGNet,OpenBCISession_2020-02-07_10-42-36-FOUR.2-2000ep.h5,True,0.3991031390134529,89,134,0,59,74,1,0.059413627,0.19122875,0.17265287,0.06780395,223,217,50150,50117,45147,15062
models-eegLib-pure/EEGNet,OpenBCISession_2020-02-07_11-12-39-FIVE-2000ep.h5,True,0.29596412556053814,66,157,9,33,76,39,0.11954729,0.07087176,0.117162384,0.06825243,223,221,50111,50115,45035,15030
models-eegLib-pure/EEGNet,OpenBCISession_2020-02-07_12-09-54-SIX-2000ep.h5,True,0.19369369369369369,43,179,88,31,28,32,0.12853506,0.089892395,0.08547493,0.13607557,222,222,50138,50031,45084,15040
models-eegLib-pure/EEGNet,OpenBCISession_2020-02-10_10-55-19=ONE.2-2000ep.h5,True,0.18018018018018017,40,182,124,16,0,42,0.13078208,0.06872404,0.055503633,0.09926879,222,222,50160,50140,45098,15030
models-eegLib-pure/EEGNet,OpenBCISession_2020-02-14_11-09-00-SEVEN-2000ep.h5,True,0.2556053811659193,57,166,33,10,78,45,0.117372856,0.087629154,0.16682371,0.10235375,223,217,50086,50114,45048,15027
models-eegLib-pure/EEGNet,OpenBCISession_2020-02-14_11-43-46-EIGHT-2000ep.h5,True,0.25,56,168,61,2,58,47,0.19884716,0.0853257,0.24846083,0.23592404,224,220,50140,50150,45208,15030
models-eegLib-pure/EEGNet,OpenBCISession_2020-02-23_16-49-310-VIR-2000ep.h5,True,0.2242152466367713,50,173,88,30,14,41,0.15074196,0.10488401,0.07590221,0.09837582,223,217,50077,50143,45042,15031
models-eegLib-pure/EEGNet,OpenBCISession_2020-02-23_18-14-52-ISH-2000ep.h5,True,0.2857142857142857,64,160,72,68,4,16,0.18953975,0.18038264,0.07596935,0.11694912,224,221,50149,50129,45137,15029
models-eegLib-pure/EEGNet,OpenBCISession_2020-02-29_17-19-28-ELI-2000ep.h5,True,0.18385650224215247,41,182,176,0,0,6,0.058060046,0.046131436,0.045767248,0.13109815,223,3,50091,50144,45121,15031
models-eegLib-pure/EEGNet,OpenBCISession_2020-02-29_17-51-57-BAHAR-2000ep.h5,True,0.24324324324324326,54,168,47,59,15,47,0.13436054,0.1340688,0.1590367,0.11999927,222,222,50125,50154,45095,15030
models-eegLib-pure/EEGNet,OpenBCISession_2020-03-06_10-28-17-LUKE-2000ep.h5,True,0.25675675675675674,57,165,16,51,36,62,0.10257772,0.13180782,0.12899822,0.17453296,222,217,50024,50136,45087,15030
models-eegLib-pure/Deep,OpenBCISession_2020-02-06_11-26-48-TWO-2000ep-2000ep-2000ep.h5,False,0.19369369369369369,43,179,179,0,0,0,0.09477914,0.06838322,0.043836787,0.009455248,222,217,50174,50139,45091,15088
models-eegLib-pure/Deep,OpenBCISession_2020-02-06_12-08-05-THREE-2000ep-2000ep-2000ep.h5,False,0.36771300448430494,82,141,0,141,0,0,0.0,0.0,0.0,0.0,223,1,50141,50139,45149,15030
models-eegLib-pure/Deep,OpenBCISession_2020-02-07_10-42-36-FOUR.2-2000ep-2000ep-2000ep.h5,False,0.3452914798206278,77,146,0,2,144,0,0.0,0.13272315,0.13272315,0.0,223,8,50150,50117,45147,15062
models-eegLib-pure/Deep,OpenBCISession_2020-02-07_11-12-39-FIVE-2000ep-2000ep-2000ep.h5,False,0.3721973094170404,83,140,0,136,4,0,0.0,0.17436957,0.17436957,0.0,223,2,50111,50115,45035,15030
models-eegLib-pure/Deep,OpenBCISession_2020-02-07_12-09-54-SIX-2000ep-2000ep-2000ep.h5,False,0.36936936936936937,82,140,0,140,0,0,0.0,0.0,0.0,0.0,222,1,50138,50031,45084,15040
models-eegLib-pure/Deep,OpenBCISession_2020-02-10_10-55-19=ONE.2-2000ep-2000ep-2000ep.h5,False,0.36936936936936937,82,140,0,136,4,0,0.0,0.16216226,0.16216226,0.0,222,2,50160,50140,45098,15030
models-eegLib-pure/Deep,OpenBCISession_2020-02-14_11-09-00-SEVEN-2000ep-2000ep-2000ep.h5,False,0.18834080717488788,42,181,177,1,0,3,0.16180809,0.09427713,0.0,0.13272306,223,4,50086,50114,45048,15027
models-eegLib-pure/Deep,OpenBCISession_2020-02-14_11-43-46-EIGHT-2000ep-2000ep-2000ep.h5,False,0.35714285714285715,80,144,0,137,0,7,0.0,0.17399263,2.465245e-18,0.17399263,224,6,50140,50150,45208,15030
models-eegLib-pure/Deep,OpenBCISession_2020-02-23_16-49-310-VIR-2000ep-2000ep-2000ep.h5,False,0.36771300448430494,82,141,0,141,0,0,0.0,0.0,0.0,0.0,223,1,50077,50143,45042,15031
models-eegLib-pure/Deep,OpenBCISession_2020-02-23_18-14-52-ISH-2000ep-2000ep-2000ep.h5,False,0.36160714285714285,81,143,0,136,0,7,0.0,0.18557692,0.0,0.18557693,224,2,50149,50129,45137,15029
models-eegLib-pure/Deep,OpenBCISession_2020-02-29_17-19-28-ELI-2000ep-2000ep-2000ep.h5,False,0.36771300448430494,82,141,0,136,0,5,0.035306707,0.06931794,0.036675155,0.120024614,223,219,50091,50144,45121,15031
models-eegLib-pure/Deep,OpenBCISession_2020-02-29_17-51-57-BAHAR-2000ep-2000ep-2000ep.h5,False,0.3108108108108108,69,153,17,131,1,4,0.2560725,0.29580063,0.06696426,0.14850855,222,172,50125,50154,45095,15030
models-eegLib-pure/Deep,OpenBCISession_2020-03-06_10-28-17-LUKE-2000ep-2000ep-2000ep.h5,False,0.18468468468468469,41,181,181,0,0,0,0.0,0.0,0.0,0.0,222,1,50024,50136,45087,15030
models-eegLib-pure/Shallow,OpenBCISession_2020-02-06_11-26-48-TWO-2000ep-2000ep.h5,False,0.36936936936936937,82,140,0,140,0,0,0.008454824,0.013742973,0.00531513,3.3451473e-05,222,222,50174,50139,45091,15088
models-eegLib-pure/Shallow,OpenBCISession_2020-02-06_12-08-05-THREE-2000ep-2000ep.h5,False,0.18385650224215247,41,182,182,0,0,0,0.001277201,9.021096e-12,0.0012772036,6.0902977e-10,223,127,50141,50139,45149,15030
models-eegLib-pure/Shallow,OpenBCISession_2020-02-07_10-42-36-FOUR.2-2000ep-2000ep.h5,False,0.11210762331838565,25,198,0,0,0,198,4.7288246e-11,2.4279145e-15,0.00730878,0.0073087877,223,186,50150,50117,45147,15062
models-eegLib-pure/Shallow,OpenBCISession_2020-02-07_11-12-39-FIVE-2000ep-2000ep.h5,False,0.3183856502242152,71,152,0,0,148,4,0.00022464574,0.000654599,0.10291276,0.10284661,223,194,50111,50115,45035,15030
models-eegLib-pure/Shallow,OpenBCISession_2020-02-07_12-09-54-SIX-2000ep-2000ep.h5,False,0.36936936936936937,82,140,0,140,0,0,4.7355123e-12,3.9195772e-08,2.6035549e-08,1.0975357e-19,222,121,50138,50031,45084,15040
models-eegLib-pure/Shallow,OpenBCISession_2020-02-10_10-55-19=ONE.2-2000ep-2000ep.h5,False,0.18468468468468469,41,181,181,0,0,0,0.00010470368,1.248948e-12,4.194771e-21,0.000104703744,222,222,50160,50140,45098,15030
models-eegLib-pure/Shallow,OpenBCISession_2020-02-14_11-09-00-SEVEN-2000ep-2000ep.h5,False,0.36771300448430494,82,141,0,141,0,0,3.5230365e-09,0.00033046983,0.000108532746,0.0002907578,223,220,50086,50114,45048,15027
models-eegLib-pure/Shallow,OpenBCISession_2020-02-14_11-43-46-EIGHT-2000ep-2000ep.h5,False,0.36607142857142855,82,142,0,142,0,0,0.0,0.0,0.0,2.7018112e-12,224,6,50140,50150,45208,15030
models-eegLib-pure/Shallow,OpenBCISession_2020-02-23_16-49-310-VIR-2000ep-2000ep.h5,False,0.336322869955157,75,148,0,0,148,0,1.6940857e-06,3.177046e-13,5.965559e-05,5.8256413e-05,223,129,50077,50143,45042,15031
models-eegLib-pure/Shallow,OpenBCISession_2020-02-23_18-14-52-ISH-2000ep-2000ep.h5,False,0.14732142857142858,33,191,58,0,0,133,0.16200857,2.1781126e-13,1.0993376e-10,0.16200855,224,161,50149,50129,45137,15029
models-eegLib-pure/Shallow,OpenBCISession_2020-02-29_17-19-28-ELI-2000ep-2000ep.h5,False,0.11210762331838565,25,198,0,0,0,198,0.010862901,0.00020192674,0.00036332067,0.011358442,223,221,50091,50144,45121,15031
models-eegLib-pure/Shallow,OpenBCISession_2020-02-29_17-51-57-BAHAR-2000ep-2000ep.h5,False,0.11261261261261261,25,197,0,0,0,197,0.0013588485,0.020418242,9.1651103e-10,0.021116959,222,144,50125,50154,45095,15030
models-eegLib-pure/Shallow,OpenBCISession_2020-03-06_10-28-17-LUKE-2000ep-2000ep.h5,False,0.36486486486486486,81,141,3,133,0,5,0.060097903,0.095746115,0.00032381734,0.0814307,222,119,50024,50136,45087,15030
models-eegLib-pure/EEGNet,OpenBCISession_2020-02-06_11-26-48-TWO-2000ep.h5,False,0.32432432432432434,72,150,0,2,148,0,0.046573944,0.086874716,0.09479527,0.028794939,222,222,50174,50139,45091,15088
models-eegLib-pure/EEGNet,OpenBCISession_2020-02-06_12-08-05-THREE-2000ep.h5,False,0.18834080717488788,42,181,176,5,0,0,0.1743696,0.1743696,0.0,0.0,223,2,50141,50139,45149,15030
models-eegLib-pure/EEGNet,OpenBCISession_2020-02-07_10-42-36-FOUR.2-2000ep.h5,False,0.18834080717488788,42,181,176,5,0,0,0.17436957,0.17436957,0.0,0.0,223,2,50150,50117,45147,15062
models-eegLib-pure/EEGNet,OpenBCISession_2020-02-07_11-12-39-FIVE-2000ep.h5,False,0.18385650224215247,41,182,182,0,0,0,2.3948534e-08,2.5977611e-08,2.530204e-14,0.0,223,7,50111,50115,45035,15030
models-eegLib-pure/EEGNet,OpenBCISession_2020-02-07_12-09-54-SIX-2000ep.h5,False,0.36936936936936937,82,140,0,140,0,0,0.0,0.0,2.4998702e-13,0.0,222,4,50138,50031,45084,15040
models-eegLib-pure/EEGNet,OpenBCISession_2020-02-10_10-55-19=ONE.2-2000ep.h5,False,0.3333333333333333,74,148,24,0,124,0,0.30203667,0.0,0.3020367,0.0,222,82,50160,50140,45098,15030
models-eegLib-pure/EEGNet,OpenBCISession_2020-02-14_11-09-00-SEVEN-2000ep.h5,False,0.11210762331838565,25,198,0,0,0,198,0.0,0.0,0.0,0.0,223,1,50086,50114,45048,15027
models-eegLib-pure/EEGNet,OpenBCISession_2020-02-14_11-43-46-EIGHT-2000ep.h5,False,0.34375,77,147,3,0,144,0,0.13243198,0.0,0.13243198,0.0,224,3,50140,50150,45208,15030
models-eegLib-pure/EEGNet,OpenBCISession_2020-02-23_16-49-310-VIR-2000ep.h5,False,0.3273542600896861,73,150,0,0,144,6,0.0,0.0,0.17436957,0.17436957,223,2,50077,50143,45042,15031
models-eegLib-pure/EEGNet,OpenBCISession_2020-02-23_18-14-52-ISH-2000ep.h5,False,0.36607142857142855,82,142,0,142,0,0,0.0,0.0,0.0,0.0,224,1,50149,50129,45137,15029
models-eegLib-pure/EEGNet,OpenBCISession_2020-02-29_17-19-28-ELI-2000ep.h5,False,0.3721973094170404,83,140,0,140,0,0,0.027096793,0.10119609,0.06413868,0.038607687,223,217,50091,50144,45121,15031
models-eegLib-pure/EEGNet,OpenBCISession_2020-02-29_17-51-57-BAHAR-2000ep.h5,False,0.36936936936936937,82,140,0,140,0,0,0.0,0.0,0.0,0.0,222,1,50125,50154,45095,15030
models-eegLib-pure/EEGNet,OpenBCISession_2020-03-06_10-28-17-LUKE-2000ep.h5,False,0.32882882882882886,73,149,0,0,144,5,0.0,0.0,0.16216229,0.16216229,222,2,50024,50136,45087,15030
models-eegLib-high/Deep,OpenBCISession_2020-02-06_11-26-48-TWO-2000ep-2000ep-2000ep.h5,True,0.18468468468468469,41,181,178,1,0,2,0.11545954,0.06483824,0.045419186,0.07405419,222,6,50174,50139,45091,15088
models-eegLib-high/Deep,OpenBCISession_2020-02-06_12-08-05-THREE-2000ep-2000ep-2000ep.h5,True,0.23318385650224216,52,171,48,33,11,79,0.2237405,0.20480405,0.19703388,0.2599909,223,217,50141,50139,45149,15030
models-eegLib-high/Deep,OpenBCISession_2020-02-07_10-42-36-FOUR.2-2000ep-2000ep-2000ep.h5,True,0.2825112107623318,63,160,44,79,37,0,0.22387059,0.29403254,0.26455107,0.005110007,223,221,50150,50117,45147,15062
models-eegLib-high/Deep,OpenBCISession_2020-02-07_11-12-39-FIVE-2000ep-2000ep-2000ep.h5,True,0.19282511210762332,43,180,16,20,10,134,0.13529383,0.15946074,0.10088224,0.22670113,223,217,50111,50115,45035,15030
models-eegLib-high/Deep,OpenBCISession_2020-02-07_12-09-54-SIX-2000ep-2000ep-2000ep.h5,True,0.22522522522522523,50,172,112,4,36,20,0.24584119,0.10122832,0.19568051,0.17019923,222,218,50138,50031,45084,15040
models-eegLib-high/Deep,OpenBCISession_2020-02-10_10-55-19=ONE.2-2000ep-2000ep-2000ep.h5,True,0.18468468468468469,41,181,171,0,0,10,0.17727217,0.07635553,0.057662793,0.13414378,222,217,50160,50140,45098,15030
models-eegLib-high/Deep,OpenBCISession_2020-02-14_11-09-00-SEVEN-2000ep-2000ep-2000ep.h5,True,0.3183856502242152,71,152,6,0,145,1,0.14356883,0.00204594,0.15652266,0.06638366,223,217,50086,50114,45048,15027
models-eegLib-high/Deep,OpenBCISession_2020-02-14_11-43-46-EIGHT-2000ep-2000ep-2000ep.h5,True,0.375,84,140,0,134,2,4,0.0012915372,0.17813551,0.1421136,0.109185144,224,212,50140,50150,45208,15030
models-eegLib-high/Deep,OpenBCISession_2020-02-23_16-49-310-VIR-2000ep-2000ep-2000ep.h5,True,0.12556053811659193,28,195,17,15,0,163,0.20244619,0.14492142,0.057080936,0.2507575,223,223,50077,50143,45042,15031
models-eegLib-high/Deep,OpenBCISession_2020-02-23_18-14-52-ISH-2000ep-2000ep-2000ep.h5,True,0.25,56,168,78,9,80,1,0.29646617,0.15167868,0.32313347,0.03792529,224,224,50149,50129,45137,15029
models-eegLib-high/Deep,OpenBCISession_2020-02-29_17-19-28-ELI-2000ep-2000ep-2000ep.h5,True,0.18834080717488788,42,181,176,5,0,0,0.04359241,0.13077727,0.04359241,0.04359241,223,2,50091,50144,45121,15031
models-eegLib-high/Deep,OpenBCISession_2020-02-29_17-51-57-BAHAR-2000ep-2000ep-2000ep.h5,True,0.26126126126126126,58,164,1,53,4,106,0.08784249,0.23516521,0.1256174,0.25209993,222,218,50125,50154,45095,15030
models-eegLib-high/Deep,OpenBCISession_2020-03-06_10-28-17-LUKE-2000ep-2000ep-2000ep.h5,True,0.22972972972972974,51,171,36,45,1,89,0.16883,0.2114947,0.0714153,0.22570173,222,217,50024,50136,45087,15030
models-eegLib-high/Shallow,OpenBCISession_2020-02-06_11-26-48-TWO-2000ep-2000ep.h5,True,0.11261261261261261,25,197,5,0,0,192,0.16216226,0.0027187997,1.8737623e-08,0.1597748,222,8,50174,50139,45091,15088
models-eegLib-high/Shallow,OpenBCISession_2020-02-06_12-08-05-THREE-2000ep-2000ep.h5,True,0.36771300448430494,82,141,0,141,0,0,0.0017124204,0.031259622,0.009570644,0.024288937,223,223,50141,50139,45149,15030
models-eegLib-high/Shallow,OpenBCISession_2020-02-07_10-42-36-FOUR.2-2000ep-2000ep.h5,True,0.37668161434977576,84,139,0,124,6,9,0.00032476182,0.17037699,0.12486161,0.1119541,223,223,50150,50117,45147,15062
models-eegLib-high/Shallow,OpenBCISession_2020-02-07_11-12-39-FIVE-2000ep-2000ep.h5,True,0.11210762331838565,25,198,0,1,0,197,0.0057954374,0.07719367,0.06443938,0.11263337,223,223,50111,50115,45035,15030
models-eegLib-high/Shallow,OpenBCISession_2020-02-07_12-09-54-SIX-2000ep-2000ep.h5,True,0.21171171171171171,47,175,116,0,49,10,0.26943186,0.010271381,0.26538855,0.12199378,222,221,50138,50031,45084,15040
models-eegLib-high/Shallow,OpenBCISession_2020-02-10_10-55-19=ONE.2-2000ep-2000ep.h5,True,0.24774774774774774,55,167,0,73,0,94,0.0616314,0.21336913,0.0028784522,0.21729903,222,222,50160,50140,45098,15030
models-eegLib-high/Shallow,OpenBCISession_2020-02-14_11-09-00-SEVEN-2000ep-2000ep.h5,True,0.36771300448430494,82,141,0,141,0,0,0.0540688,0.054199245,0.000572724,0.00016813427,223,221,50086,50114,45048,15027
models-eegLib-high/Shallow,OpenBCISession_2020-02-14_11-43-46-EIGHT-2000ep-2000ep.h5,True,0.28125,63,161,66,0,95,0,0.32749268,0.00019050423,0.32750437,1.1648343e-06,224,224,50140,50150,45208,15030
models-eegLib-high/Shallow,OpenBCISession_2020-02-23_16-49-310-VIR-2000ep-2000ep.h5,True,0.32286995515695066,72,151,0,3,139,9,0.025416085,0.09842751,0.18270342,0.13820392,223,223,50077,50143,45042,15031
models-eegLib-high/Shallow,OpenBCISession_2020-02-23_18-14-52-ISH-2000ep-2000ep.h5,True,0.33482142857142855,75,149,0,1,148,0,0.0012363122,0.050374564,0.050676312,0.0006000765,224,221,50149,50129,45137,15029
models-eegLib-high/Shallow,OpenBCISession_2020-02-29_17-19-28-ELI-2000ep-2000ep.h5,True,0.18385650224215247,41,182,176,0,0,6,0.17436963,7.322419e-07,9.269346e-06,0.17436321,223,8,50091,50144,45121,15031
models-eegLib-high/Shallow,OpenBCISession_2020-02-29_17-51-57-BAHAR-2000ep-2000ep.h5,True,0.30180180180180183,67,155,40,18,95,2,0.24582748,0.19784214,0.3174468,0.08425315,222,222,50125,50154,45095,15030
models-eegLib-high/Shallow,OpenBCISession_2020-03-06_10-28-17-LUKE-2000ep-2000ep.h5,True,0.11261261261261261,25,197,0,0,0,197,0.053878415,0.014237158,0.03212407,0.07758353,222,221,50024,50136,45087,15030
models-eegLib-high/EEGNet,OpenBCISession_2020-02-06_11-26-48-TWO-2000ep.h5,True,0.19369369369369369,43,179,179,0,0,0,0.124255724,0.046594925,0.08217193,0.046594925,222,3,50174,50139,45091,15088
models-eegLib-high/EEGNet,OpenBCISession_2020-02-06_12-08-05-THREE-2000ep.h5,True,0.17937219730941703,40,183,165,9,1,8,0.16841263,0.094422564,0.075392984,0.11230452,223,223,50141,50139,45149,15030
models-eegLib-high/EEGNet,OpenBCISession_2020-02-07_10-42-36-FOUR.2-2000ep.h5,True,0.18834080717488788,42,181,177,4,0,0,0.13380933,0.13138767,0.07415376,0.0067314547,223,223,50150,50117,45147,15062
models-eegLib-high/EEGNet,OpenBCISession_2020-02-07_11-12-39-FIVE-2000ep.h5,True,0.20179372197309417,45,178,111,17,19,31,0.1652104,0.07370183,0.086407796,0.08867957,223,216,50111,50115,45035,15030
models-eegLib-high/EEGNet,OpenBCISession_2020-02-07_12-09-54-SIX-2000ep.h5,True,0.26576576576576577,59,163,21,61,24,57,0.10863511,0.14453585,0.097028285,0.15806049,222,217,50138,50031,45084,15040
models-eegLib-high/EEGNet,OpenBCISession_2020-02-10_10-55-19=ONE.2-2000ep.h5,True,0.22072072072072071,49,173,120,0,48,5,0.11327185,0.037505116,0.1516503,0.07137897,222,217,50160,50140,45098,15030
models-eegLib-high/EEGNet,OpenBCISession_2020-02-14_11-09-00-SEVEN-2000ep.h5,True,0.19730941704035873,44,179,70,2,15,92,0.12951154,0.07637192,0.11838823,0.16939574,223,223,50086,50114,45048,15027
models-eegLib-high/EEGNet,OpenBCISession_2020-02-14_11-43-46-EIGHT-2000ep.h5,True,0.19196428571428573,43,181,133,0,35,13,0.30447733,0.045763247,0.22164735,0.14369963,224,213,50140,50150,45208,15030
models-eegLib-high/EEGNet,OpenBCISession_2020-02-23_16-49-310-VIR-2000ep.h5,True,0.15246636771300448,34,189,49,29,21,90,0.15407373,0.15761985,0.115176335,0.19758026,223,220,50077,50143,45042,15031
models-eegLib-high/EEGNet,OpenBCISession_2020-02-23_18-14-52-ISH-2000ep.h5,True,0.22321428571428573,50,174,120,0,53,1,0.18359272,0.053114917,0.18998545,0.08224625,224,217,50149,50129,45137,15029
models-eegLib-high/EEGNet,OpenBCISession_2020-02-29_17-19-28-ELI-2000ep.h5,True,0.19282511210762332,43,180,175,5,0,0,0.046065073,0.13193616,0.06524938,0.046479266,223,3,50091,50144,45121,15031
models-eegLib-high/EEGNet,OpenBCISession_2020-02-29_17-51-57-BAHAR-2000ep.h5,True,0.25675675675675674,57,165,53,7,25,80,0.16647172,0.095569946,0.17719156,0.18979579,222,221,50125,50154,45095,15030
models-eegLib-high/EEGNet,OpenBCISession_2020-03-06_10-28-17-LUKE-2000ep.h5,True,0.1891891891891892,42,180,27,42,4,107,0.09061835,0.088545166,0.06818119,0.15026814,222,220,50024,50136,45087,15030
models-eegLib-high/Deep,OpenBCISession_2020-02-06_11-26-48-TWO-2000ep-2000ep-2000ep.h5,False,0.18468468468468469,41,181,181,0,0,0,0.08008806,0.006481712,0.034248542,0.040349618,222,217,50174,50139,45091,15088
models-eegLib-high/Deep,OpenBCISession_2020-02-06_12-08-05-THREE-2000ep-2000ep-2000ep.h5,False,0.37668161434977576,84,139,0,137,2,0,0.0,0.14832053,0.14832053,0.0,223,6,50141,50139,45149,15030
models-eegLib-high/Deep,OpenBCISession_2020-02-07_10-42-36-FOUR.2-2000ep-2000ep-2000ep.h5,False,0.18385650224215247,41,182,182,0,0,0,0.0,0.0,0.0,0.0,223,52,50150,50117,45147,15062
models-eegLib-high/Deep,OpenBCISession_2020-02-07_11-12-39-FIVE-2000ep-2000ep-2000ep.h5,False,0.3721973094170404,83,140,0,137,3,0,0.0,0.14805001,0.14805001,0.0,223,4,50111,50115,45035,15030
models-eegLib-high/Deep,OpenBCISession_2020-02-07_12-09-54-SIX-2000ep-2000ep-2000ep.h5,False,0.36936936936936937,82,140,0,140,0,0,9.7066255e-08,9.600964e-08,0.0,0.0,222,36,50138,50031,45084,15040
models-eegLib-high/Deep,OpenBCISession_2020-02-10_10-55-19=ONE.2-2000ep-2000ep-2000ep.h5,False,0.11711711711711711,26,196,0,4,0,192,0.0,0.16216226,0.0,0.16216226,222,7,50160,50140,45098,15030
models-eegLib-high/Deep,OpenBCISession_2020-02-14_11-09-00-SEVEN-2000ep-2000ep-2000ep.h5,False,0.35874439461883406,80,143,0,0,122,21,0.0,0.0,0.39575034,0.3957504,223,216,50086,50114,45048,15027
models-eegLib-high/Deep,OpenBCISession_2020-02-14_11-43-46-EIGHT-2000ep-2000ep-2000ep.h5,False,0.1875,42,182,181,1,0,0,0.09406847,0.06666584,0.0,0.06666586,224,4,50140,50150,45208,15030
models-eegLib-high/Deep,OpenBCISession_2020-02-23_16-49-310-VIR-2000ep-2000ep-2000ep.h5,False,0.3273542600896861,73,150,0,1,146,3,0.0,0.06681401,0.14804785,0.13272306,223,5,50077,50143,45042,15031
models-eegLib-high/Deep,OpenBCISession_2020-02-23_18-14-52-ISH-2000ep-2000ep-2000ep.h5,False,0.18303571428571427,41,183,183,0,0,0,0.0,6.842601e-10,2.0082627e-17,3.0646353e-14,224,100,50149,50129,45137,15029
models-eegLib-high/Deep,OpenBCISession_2020-02-29_17-19-28-ELI-2000ep-2000ep-2000ep.h5,False,0.11210762331838565,25,198,0,0,0,198,0.0056502004,0.0030992818,0.008655997,0.017389413,223,217,50091,50144,45121,15031
models-eegLib-high/Deep,OpenBCISession_2020-02-29_17-51-57-BAHAR-2000ep-2000ep-2000ep.h5,False,0.3333333333333333,74,148,0,1,147,0,0.0,0.06709938,0.06709938,0.0,222,6,50125,50154,45095,15030
models-eegLib-high/Deep,OpenBCISession_2020-03-06_10-28-17-LUKE-2000ep-2000ep-2000ep.h5,False,0.11261261261261261,25,197,0,0,0,197,0.0,0.0,0.0,0.0,222,1,50024,50136,45087,15030
models-eegLib-high/Shallow,OpenBCISession_2020-02-06_11-26-48-TWO-2000ep-2000ep.h5,False,0.36936936936936937,82,140,0,140,0,0,0.004305269,0.041723352,0.0389868,0.00639801,222,222,50174,50139,45091,15088
models-eegLib-high/Shallow,OpenBCISession_2020-02-06_12-08-05-THREE-2000ep-2000ep.h5,False,0.336322869955157,75,148,0,0,148,0,3.710664e-12,4.6536504e-09,1.9041678e-06,5.9819314e-07,223,149,50141,50139,45149,15030
models-eegLib-high/Shallow,OpenBCISession_2020-02-07_10-42-36-FOUR.2-2000ep-2000ep.h5,False,0.336322869955157,75,148,0,0,148,0,4.63445e-09,1.36612405e-11,3.3706422e-06,3.263621e-06,223,223,50150,50117,45147,15062
models-eegLib-high/Shallow,OpenBCISession_2020-02-07_11-12-39-FIVE-2000ep-2000ep.h5,False,0.36771300448430494,82,141,0,141,0,0,3.348048e-12,5.158054e-07,1.9360506e-07,8.371541e-09,223,107,50111,50115,45035,15030
models-eegLib-high/Shallow,OpenBCISession_2020-02-07_12-09-54-SIX-2000ep-2000ep.h5,False,0.3333333333333333,74,148,0,0,148,0,6.020716e-10,0.054091565,0.058383297,0.008440917,222,211,50138,50031,45084,15040
models-eegLib-high/Shallow,OpenBCISession_2020-02-10_10-55-19=ONE.2-2000ep-2000ep.h5,False,0.18468468468468469,41,181,181,0,0,0,3.8913818e-06,5.649087e-16,1.4095138e-10,3.8461158e-06,222,140,50160,50140,45098,15030
models-eegLib-high/Shallow,OpenBCISession_2020-02-14_11-09-00-SEVEN-2000ep-2000ep.h5,False,0.11210762331838565,25,198,0,0,0,198,0.011839857,1.1497914e-17,3.493031e-06,0.011842073,223,106,50086,50114,45048,15027
models-eegLib-high/Shallow,OpenBCISession_2020-02-14_11-43-46-EIGHT-2000ep-2000ep.h5,False,0.11160714285714286,25,199,0,0,0,199,1.3813689e-11,2.759618e-13,1.3659245e-18,0.0,224,22,50140,50150,45208,15030
models-eegLib-high/Shallow,OpenBCISession_2020-02-23_16-49-310-VIR-2000ep-2000ep.h5,False,0.36771300448430494,82,141,0,141,0,0,1.0193645e-13,7.982845e-09,2.6469873e-09,4.65481e-09,223,214,50077,50143,45042,15031
models-eegLib-high/Shallow,OpenBCISession_2020-02-23_18-14-52-ISH-2000ep-2000ep.h5,False,0.36607142857142855,82,142,0,142,0,0,1.0485302e-11,0.0,0.0,8.273954e-15,224,84,50149,50129,45137,15029
models-eegLib-high/Shallow,OpenBCISession_2020-02-29_17-19-28-ELI-2000ep-2000ep.h5,False,0.36771300448430494,82,141,0,141,0,0,0.00019649525,0.0006179459,0.00043904083,1.6607625e-08,223,223,50091,50144,45121,15031
models-eegLib-high/Shallow,OpenBCISession_2020-02-29_17-51-57-BAHAR-2000ep-2000ep.h5,False,0.3738738738738739,83,139,0,137,2,0,2.6563723e-07,0.120056264,0.11998723,0.000115931514,222,222,50125,50154,45095,15030
models-eegLib-high/Shallow,OpenBCISession_2020-03-06_10-28-17-LUKE-2000ep-2000ep.h5,False,0.36936936936936937,82,140,0,140,0,0,6.557777e-10,0.0,6.39274e-10,2.2513284e-14,222,169,50024,50136,45087,15030
models-eegLib-high/EEGNet,OpenBCISession_2020-02-06_11-26-48-TWO-2000ep.h5,False,0.12162162162162163,27,195,0,0,0,195,0.019858636,0.0111624235,0.08228341,0.08974651,222,217,50174,50139,45091,15088
models-eegLib-high/EEGNet,OpenBCISession_2020-02-06_12-08-05-THREE-2000ep.h5,False,0.1031390134529148,23,200,0,57,0,143,0.0,0.4347227,5.0222874e-22,0.43472272,223,176,50141,50139,45149,15030
models-eegLib-high/EEGNet,OpenBCISession_2020-02-07_10-42-36-FOUR.2-2000ep.h5,False,0.11210762331838565,25,198,0,0,0,198,0.0,0.0,0.012678477,0.012678448,223,221,50150,50117,45147,15062
models-eegLib-high/EEGNet,OpenBCISession_2020-02-07_11-12-39-FIVE-2000ep.h5,False,0.3632286995515695,81,142,6,136,0,0,0.17436957,0.17436957,0.0,0.0,223,2,50111,50115,45035,15030
models-eegLib-high/EEGNet,OpenBCISession_2020-02-07_12-09-54-SIX-2000ep.h5,False,0.3333333333333333,74,148,0,1,147,0,0.0,0.066961534,0.0669607,0.00016773376,222,222,50138,50031,45084,15040
models-eegLib-high/EEGNet,OpenBCISession_2020-02-10_10-55-19=ONE.2-2000ep.h5,False,0.27927927927927926,62,160,0,0,68,92,0.0,0.0,0.4869831,0.48698306,222,98,50160,50140,45098,15030
models-eegLib-high/EEGNet,OpenBCISession_2020-02-14_11-09-00-SEVEN-2000ep.h5,False,0.11210762331838565,25,198,0,0,0,198,0.0,0.0,0.0,0.0,223,1,50086,50114,45048,15027
models-eegLib-high/EEGNet,OpenBCISession_2020-02-14_11-43-46-EIGHT-2000ep.h5,False,0.33035714285714285,74,150,0,6,144,0,0.009199191,0.18257956,0.18557692,0.0,224,4,50140,50150,45208,15030
models-eegLib-high/EEGNet,OpenBCISession_2020-02-23_16-49-310-VIR-2000ep.h5,False,0.1210762331838565,27,196,0,0,4,192,0.0,2.5518953e-13,0.17436957,0.17436957,223,4,50077,50143,45042,15031
models-eegLib-high/EEGNet,OpenBCISession_2020-02-23_18-14-52-ISH-2000ep.h5,False,0.18303571428571427,41,183,183,0,0,0,0.0,0.0,0.0,0.0,224,1,50149,50129,45137,15029
models-eegLib-high/EEGNet,OpenBCISession_2020-02-29_17-19-28-ELI-2000ep.h5,False,0.36771300448430494,82,141,0,141,0,0,0.012016989,0.10554836,0.02407963,0.06945712,223,217,50091,50144,45121,15031
models-eegLib-high/EEGNet,OpenBCISession_2020-02-29_17-51-57-BAHAR-2000ep.h5,False,0.18468468468468469,41,181,181,0,0,0,0.0,0.0,0.0,0.0,222,90,50125,50154,45095,15030
models-eegLib-high/EEGNet,OpenBCISession_2020-03-06_10-28-17-LUKE-2000ep.h5,False,0.32432432432432434,72,150,4,1,145,0,0.14836994,0.06937684,0.16295367,0.0,222,219,50024,50136,45087,15030
